{
    "v_r": -0.07,
    "v_thr": -0.05,
    "v_spike": 0.04,
    "v_rev": 0,
    "tao_m": 0.00937,
    "tao_syn": 0.0003,
    "c_m": 1e-12,
    "g_bar": 1e-7,
    "t_r": 0.003,
    "w": 1,
    "dt": 0.000001
}
